id,Name,Title,Address,Contract Date,Telephone,Email,Termination Date,Office,Salary
0,Amado Blanchard,Playgroup Assistant,441 Marina Green Circle,2018-03-25,1-271-722-0384,banya1901@yandex.com,2020-04-07,South America,3293
1,Moshe Barrett,Fraud Investigator,391 Rawles Bend,2019-09-11,(605) 994-3604,badju2070@gmail.com,,Asia,2335
2,Travis Joyce,Gas Technician,542 Seville Bend,2016-06-20,(411) 338-7903,bonita1885@protonmail.com,,South America,3374
3,Kym Rojas,Letting Agent,446 Missouri Walk,2016-01-30,(602) 424-5762,reversible1883@yahoo.com,,Asia,3921
4,Mozell Hull,Milkman,1171 Hangah Boulevard,2013-11-15,(228) 542-6240,mesovaria2032@live.com,2015-05-31,Australia,4694
5,Ezra Garrett,Pipe Layer,779 Cameo Path,2018-09-30,+1-(266)-627-3243,elusions1858@yahoo.com,,Antarctica,4218
6,Jeanice Flynn,Hop Merchant,307 Precita Highway,2017-07-07,163-686-5333,toughening1908@live.com,,Antarctica,3418
7,Lieselotte Randolph,Riding Instructor,232 Manor Grove,2021-02-25,736-546-9867,ignatian1877@yahoo.com,,Europe,3345
8,Kirstie Holloway,Animal Breeder,839 Visitacion Gardens,2018-08-01,537-646-8128,correal1976@gmail.com,2019-02-11,Europe,3541
9,Richie Park,Outdoor Pursuits,1367 Miraloma Garden,2017-02-08,(587) 559-1438,rhinoplasty2042@protonmail.com,,Asia,2123
10,Buddy Hurley,Palaeobotanist,146 Clementina Avenue,2019-08-28,1-068-167-7679,davidian2008@live.com,,Asia,4110
11,Eli Alexander,Instructor,241 Meacham Loop,2017-03-19,+1-(113)-458-5389,accosting1836@gmail.com,,Europe,2031
12,Devona Keith,Travel Clerk,779 Bonita Manor,2021-01-22,305.343.6862,insurgently1916@live.com,2022-05-29,Antarctica,3651
13,Cassy Chavez,Funeral Furnisher,88 Orchard Line,2015-06-08,589.838.2878,mechanic1818@protonmail.com,,Asia,3720
14,Hunter Hooper,Historian,28 Short Freeway,2016-06-28,1-733-535-2270,pluguglies1889@yandex.com,,Australia,4060
15,Carl Haley,Hospital Worker,1076 Texas Boulevard,2013-01-02,010-702-1989,hoidening1806@outlook.com,,Africa,4319
16,Devon Contreras,Car Dealer,846 Beale Drive,2014-08-09,1-020-732-4703,ridicule1811@live.com,2014-12-28,Africa,2096
17,Chad Estrada,Storeman,368 Eugenia Trace,2018-08-28,(492) 322-6396,biogen1802@outlook.com,,Asia,3914
18,Luther Lowe,Loss Assessor,55 Shrader Gate,2014-06-17,(334) 147-9689,chetan1973@protonmail.com,,Africa,3022
19,Duane Frederick,Quality Manager,475 Arkansas Gate,2019-06-19,(187) 885-2827,matrimonii1909@yandex.com,,Europe,4011
20,Theo Delaney,Decorator,626 Manzanita Path,2017-11-27,920-740-2754,undermined1915@yahoo.com,2019-12-12,Australia,3299
21,Norah Fernandez,Textile Consultant,1279 Linden Highway,2019-10-24,+1-(387)-976-2600,codeless1919@live.com,,South America,3431
22,Levi England,Loss Assessor,532 Neptune Park,2017-03-23,375-314-7733,unimodal1944@protonmail.com,,Australia,3841
23,Reed Gilmore,Agent,939 Broadway Mall,2016-01-02,(454) 994-9557,alister1840@gmail.com,,Asia,3362
24,Raylene Buckley,Tacker,778 Divisadero Promenade,2019-10-19,(240) 383-4602,comprehensibly2055@live.com,2020-06-28,South America,1135
25,Classie Rivera,Shop Fitter,676 Arroyo Street,2020-02-15,526.538.2345,calumny1941@live.com,,Asia,1170
26,Boris Boyer,Garage Foreman,256 Lockwood Pike,2018-07-19,184-056-6292,alcove1885@protonmail.com,,North America,3108
27,Ellsworth Burt,Technical Manager,426 Sedgewick Trail,2014-08-18,941.160.1545,ditrematous1836@yahoo.com,,Antarctica,3523
28,Michale Berry,Transport Engineer,683 Charlton Trace,2017-10-30,1-675-926-9960,caatinga2015@yahoo.com,2019-04-25,South America,3667
29,Olimpia Buckner,Park Keeper,1225 Guerrero Manor,2014-07-28,1-962-486-0537,kilograin1805@yahoo.com,,Africa,4635
30,Jan Williamson,Property Valuer,1117 Medical Center Alley,2016-08-10,404-936-0113,battling2066@live.com,,Europe,5323
31,Archie Rodriguez,Driver,539 Whipple Promenade,2014-04-08,210-769-7100,bombsight1800@live.com,,Asia,3461
32,Leeanne Love,Clergyman,1128 Quickstep Parkway,2021-06-14,214-899-0949,acree1929@live.com,2021-11-02,South America,1917
33,Chun Leblanc,Hawker,608 Legion Avenue,2020-04-30,1-008-707-9922,autogiro1894@live.com,,Europe,4250
34,Jacqulyn Erickson,Training Advisor,1297 Byxbee Square,2015-01-30,(426) 645-2004,groundskeep2032@outlook.com,,South America,2755
35,Cecila Zimmerman,Gamekeeper,873 Sfgh Access Viaduct,2012-01-08,+1-(824)-807-7814,polyrhythm2037@yahoo.com,,Antarctica,3486
36,Norberto May,Landlady,645 Santiago Mall,2016-09-15,(333) 331-7218,cristie2047@live.com,2018-07-07,Europe,4443
37,Albert Rush,Road Worker,609 Sampson Point,2016-03-12,315.708.9467,albificative2063@yandex.com,,Europe,3624
38,Kanesha Solis,Agent,928 Brentwood Court,2018-07-10,202.934.3028,nobodies1861@protonmail.com,,Antarctica,2328
39,Domonique Prince,Tennis Coach,117 High Brae,2013-07-30,719.319.2978,paradise1834@outlook.com,,North America,4460
40,Thalia Koch,Special Needs,867 Vandewater Route,2019-09-16,(103) 420-3158,pentachenium1931@yandex.com,2021-05-22,South America,5311
41,Thi Valdez,Commissioned,594 Mission Pike,2014-12-11,+1-(512)-748-4964,forger1820@live.com,,Asia,3551
42,Chante Hampton,Slaughterman,1242 Lobos Glen,2016-09-24,846.675.2774,predelinquent2069@yandex.com,,Australia,4105
43,Emely Sheppard,Hire Car Driver,1105 Page Brae,2016-04-10,839.400.5406,dropped2016@yandex.com,,Europe,3596
44,Stuart Reid,Payroll Clerk,1121 Garces Hill,2012-03-05,307.683.5332,baton2027@live.com,2013-10-17,Africa,4608
45,Ta O'donnell,Repair Man,1132 Greenspring Drung,2021-02-24,514-913-0977,caridean2052@live.com,,Asia,3180
46,Junior Wells,Statistician,1143 Spears Thruway,2015-03-17,849.894.6751,murmuringly1971@yandex.com,,South America,3905
47,Kirk Floyd,Farmer,226 Nebraska Concession road,2015-05-31,224.295.9927,skunk1918@yahoo.com,,Antarctica,3069
48,Kenneth Neal,Technical Assistant,1192 Lucky Lane,2015-01-08,1-288-502-5633,excitor1963@yahoo.com,2015-07-14,Asia,2103
49,Emilio Melendez,Land Agent,1261 Casitas Gate,2019-04-05,693-848-8025,diaphane2048@outlook.com,,Australia,3526
50,Santiago Flynn,Gas Mechanic,1304 Southern Heights Court,2014-11-15,843-573-6228,tariff1853@gmail.com,,Antarctica,2812
51,Leif Ruiz,Sheriff,492 Cotter Turnpike,2016-01-24,(511) 346-3080,heterotricha1863@yahoo.com,,Asia,4193
52,Tyesha Craft,Editor,1254 Fernwood Plantation,2018-04-28,923-447-7950,enciphered1845@protonmail.com,2019-02-14,South America,4687
53,Leisha Barker,Palaeontologist,997 Butte Row,2016-09-17,706.629.1300,salaried1916@gmail.com,,South America,3017
54,Renay Wright,Hotelier,186 Post Wynd,2014-04-21,1-738-005-2971,uvulectomy2070@outlook.com,,South America,3184
55,Terrence Cameron,Transport Planner,186 Lois Sideline,2012-08-19,452-739-5606,signal1975@outlook.com,,North America,4916
56,Enoch Mcdonald,Metallurgist,588 Morris Plaza,2016-08-23,(707) 376-7370,piscators1994@yandex.com,2017-09-06,North America,3166
57,Katherin Pickett,Transport Clerk,1242 Cleary Townline,2020-10-31,1-605-088-8871,linemen1935@yahoo.com,,South America,6273
58,Gary Hampton,Foam Convertor,471 Fresnel Manor,2013-03-13,(790) 968-7422,zoner1937@outlook.com,,Africa,4343
59,Kandace Stephenson,Book-Keeper,132 Adam Promenade,2021-10-25,1-971-187-5852,armando1968@yahoo.com,,Antarctica,2839
60,Ken Dorsey,Caterer,388 Skyview Garden,2014-02-22,(875) 066-5764,pleasurably2011@outlook.com,2015-07-10,North America,4701
61,Ramiro Dorsey,Injection Moulder,1094 Ledyard Turnpike,2017-09-26,508.040.0737,ebenezer2022@gmail.com,,South America,2037
62,Joel Chang,Hospital Manager,767 Rome Court,2013-02-04,+1-(379)-157-7548,bateau1924@protonmail.com,,Australia,4892
63,Otto Thompson,Training Assistant,264 Upton Thruway,2016-01-15,1-054-878-8112,bred1948@yahoo.com,,Europe,3673
64,Johnie Burgess,Land Surveyor,84 Paris Extension,2015-10-21,766-748-3749,pinwheel1876@yahoo.com,2017-12-04,Africa,2747
65,Magen Forbes,Scrap Dealer,1310 Trinity Alley,2013-06-02,(656) 010-9178,babbage2033@protonmail.com,,Europe,3693
66,Earleen Russell,Line Worker,330 Santa Rita Square,2015-10-31,(850) 055-4330,alessand1837@outlook.com,,North America,1048
67,Brendon Cardenas,Proof Reader,38 Upper Grove,2015-12-17,1-964-341-0343,consultant1927@gmail.com,,Antarctica,2516
68,Chris Shields,Glazier,1260 Tehama Spur,2019-04-16,732.808.1867,fewer1931@gmail.com,2020-10-04,Africa,3805
69,Sharen Pitts,Marine Engineer,1072 Huron Spur,2021-01-10,712.236.7258,vocalist1948@yahoo.com,,Antarctica,2712
70,Madaline Cervantes,Booking Agent,417 Christopher Trail,2017-07-04,(853) 768-7684,computer1827@outlook.com,,Europe,3152
71,Rochel Smith,Cab Driver,592 Brunswick Wynd,2019-03-02,(570) 677-2915,adumbrations2025@outlook.com,,Europe,2751
72,Linsey Wynn,Machine Minder,525 Hodges Private,2021-11-10,656-350-4662,kindle1938@outlook.com,2022-06-18,South America,2716
73,Marisha Parks,Packaging,641 Gorham Viaduct,2021-02-03,1-472-937-6196,casualist1893@gmail.com,,North America,4404
74,Malka Vang,Metal Engineer,1232 Beverly Expressway,2012-12-02,728-527-4974,algal2043@protonmail.com,,Asia,3154
75,Luba Mclaughlin,Anthropologist,609 Jean Garden,2013-03-31,1-222-765-9903,blackman1888@gmail.com,,Antarctica,3734
76,Ronnie Horne,Plasterer,69 Bennington Drive,2021-01-09,(378) 467-5595,bewitching1902@outlook.com,2022-01-30,South America,3666
77,Donn Brady,Medical Officer,630 Marine Promenade,2016-08-28,803-069-5776,costuming1804@gmail.com,,Europe,1975
78,Dacia Mckee,Licensee,854 Reservoir Route,2021-03-19,1-563-947-6473,deckers1939@yandex.com,,Australia,4393
79,Cordie Santos,Quarry Worker,856 Oscar Row,2012-06-14,550.761.1599,calabari1991@yandex.com,,Europe,4937
80,Jacqui Baird,School Crossing,1272 Alberta Pike,2017-05-01,344.789.1372,anisodactyle1885@yahoo.com,2018-08-19,Europe,2610
81,Cortez Velasquez,Haulage Contractor,858 Zoo Street,2015-07-10,(067) 675-2330,oxides2022@live.com,,North America,2133
82,Vernetta Dickerson,Marketing Assistant,24 Loehr Annex,2012-08-29,+1-(640)-786-8674,mousse1857@yandex.com,,Antarctica,2425
83,Marlin Lyons,Sales Engineer,593 Britton Street,2013-01-05,129-060-4585,immune1862@gmail.com,,Africa,3547
84,Gracia Raymond,Illustrator,484 Naylor Highway,2017-07-22,024.891.1853,loris1811@outlook.com,2018-03-29,Australia,5032
85,Marth Kidd,Attendant,725 Hallam Nene,2017-08-08,199-359-3203,philepitta1931@yahoo.com,,Australia,3742
86,Jonie Puckett,Massage Therapist,304 Gilroy Viaduct,2020-02-17,+1-(105)-740-8715,pelecypoda1874@live.com,,North America,4086
87,Rob Lynch,Taxi Controller,744 Marlin Brae,2012-06-25,(106) 928-1061,veddoid2000@protonmail.com,,Europe,1343
88,Dalton Clay,Home Economist,765 Leroy Annex,2020-05-27,1-578-857-1668,jayhawker1965@yandex.com,2022-06-01,Australia,2502
89,Moriah Mclaughlin,Veterinary Surgeon,96 Lundeen Park,2014-03-14,235-021-9261,conquered2029@live.com,,Asia,4072
90,Merlene Vazquez,Repair Man,926 Mccarthy Arcade,2012-11-07,(094) 225-7246,moirai2040@protonmail.com,,Africa,4242
91,Donovan Poole,Casual Worker,1372 Brookhaven Crescent,2016-03-12,617-984-8543,allowance1800@outlook.com,,Australia,3200
92,Fletcher Owen,Technical Author,414 Avenue B Green,2020-01-06,+1-(825)-842-1204,dairylea2011@yandex.com,2021-07-16,Antarctica,2291
93,Joannie Patton,Road Sweeper,508 Bromley Drung,2021-10-17,+1-(906)-220-8579,sarges1854@live.com,,Africa,2980
94,Hee Gould,Anaesthetist,838 Pacheco Boulevard,2014-07-10,518-853-5404,dolman1922@protonmail.com,,Australia,1699
95,Ezra Shelton,Aerial Erector,118 Irving Promenade,2020-01-11,(170) 871-8127,dhava1958@gmail.com,,Africa,5462
96,Frederick Randolph,Labourer,167 Knockash Walk,2021-04-18,(468) 322-2755,carolus1825@live.com,2022-04-24,Australia,4996
97,Anisa Bartlett,Accounts Staff,1246 Melba Sideline,2017-09-22,565-166-8828,gothish1876@yandex.com,,South America,1301
98,Yvone Grimes,Registrar,485 Anza Garden,2016-06-17,114-593-1099,prats2018@yahoo.com,,Australia,3891
99,Roland Stein,Word Processing Operator,2 Kezar Stravenue,2014-11-23,806.713.7631,capelin1998@yandex.com,,Europe,2272
100,Asa Ewing,Telecommunication,1136 Landers Route,2020-04-07,725.907.4504,coaly1963@outlook.com,2021-07-07,Australia,3548
101,Raleigh Gordon,Licensing,611 Duncombe Highway,2020-11-28,(538) 076-4298,slatemaker1973@gmail.com,,Australia,2850
102,Neomi Hubbard,Patent Attorney,1080 Flora Townline,2013-09-07,087.773.0769,unrooted1851@yandex.com,,Africa,2619
103,Jospeh Chase,Works Manager,546 Amherst Sideline,2019-06-11,303.656.0367,camden1888@outlook.com,,Africa,2099
104,Tracy Mcdowell,Plant Manager,904 Lincoln Place,2015-12-06,(235) 484-6764,unilamellar2054@protonmail.com,2016-10-04,North America,3615
105,Nicky Murphy,Letting Agent,1035 Cloud Trail,2015-06-17,1-408-316-6556,bitter1966@protonmail.com,,North America,4699
106,Jinny Hampton,Advertising Executive,105 Lurmont Gardens,2017-02-10,(424) 876-7779,areito2005@gmail.com,,Europe,2246
107,Keturah Miranda,Aromatherapist,1025 Seacliff Point,2017-05-17,683-773-9083,antimachine1989@protonmail.com,,South America,2255
108,Terence Roman,Caulker,498 Lamartine Gardens,2014-05-23,(412) 153-5070,cellmate1966@protonmail.com,2014-10-30,Antarctica,3251
109,Daryl Schneider,Word Processing Operator,216 Sickles Bay,2013-03-13,(236) 073-6220,ruthlessness1886@protonmail.com,,Australia,3258
110,Derek Morse,Home Help,1070 Wool Manor,2012-03-21,1-373-857-0409,ancestry1893@protonmail.com,,South America,3327
111,Stevie Roy,Riveter,961 Elsie Line,2021-11-15,(157) 300-0453,babuina1818@live.com,,Australia,3591
112,Burl Cunningham,Dealer,890 Zeno Bay,2015-05-10,(455) 058-1901,husbandfield1899@live.com,2017-06-26,Europe,5183
113,Douglas Maxwell,Thatcher,80 Escolta Glen,2020-04-06,673.973.3773,comically2065@outlook.com,,South America,2377
114,Ellsworth Wiley,Wholesale Newspaper,1392 Blanche Bypass,2020-10-08,+1-(028)-696-3788,nesty1946@yahoo.com,,Europe,3909
115,Lanny Stephenson,Violin Maker,198 Espanola Private,2017-08-26,1-271-471-7535,killing1834@gmail.com,,Antarctica,2409
116,Jimmy Hutchinson,Instrument Engineer,816 Vega Manor,2020-10-07,318-097-8258,fly1917@yahoo.com,2021-09-13,South America,3418
117,Zachary Rogers,Tattooist,1301 Otis Place,2017-11-22,606.260.7305,console2047@yandex.com,,Australia,3779
118,Vicente Norman,Tunneller,1193 Zoe Path,2015-04-08,1-130-326-5985,semihistorical2017@yahoo.com,,Australia,4382
119,Edyth Osborne,Tennis Coach,186 Theresa Alley,2015-12-18,806-406-0085,dazing1904@yandex.com,,Asia,3321
120,Cristobal Conner,Medical Consultant,843 Edie Private,2019-02-07,1-365-805-2547,chimalapa2016@outlook.com,2020-09-12,Europe,2405
121,Devon Wells,Labourer,1397 Harney Brae,2019-02-05,(448) 969-2936,unfailed1977@yandex.com,,North America,3338
122,Micha Hill,Shoe Maker,54 Natick Point,2014-08-01,(503) 831-2583,scintillator1834@gmail.com,,Asia,2394
123,Jessenia Nielsen,Jockey,578 Beacon Boulevard,2014-01-07,771-725-8988,alister1977@gmail.com,,Africa,3261
124,Adrian Davenport,Post Sorter,1112 Tubbs Road,2019-03-14,497.909.9088,awest1832@live.com,2019-11-06,Africa,1990
125,Yuonne Tyson,Choreographer,837 Archer Annex,2019-06-28,855.753.6529,bethel2034@gmail.com,,Asia,1619
126,Mario Lindsay,Meteorologist,39 General Kennedy Heights,2013-05-31,+1-(331)-589-8076,centimeter1814@outlook.com,,Australia,4680
127,Deetta Mcmahon,Bursar,1220 Clarendon Green,2021-05-24,+1-(414)-885-9407,butterfly1927@gmail.com,,South America,3082
128,Lindsay Vaughan,Handyman,1109 Hickory Avenue,2014-10-31,407-656-4311,postimpressionist2041@gmail.com,2016-05-29,Asia,5616
129,Cristobal Burt,Flower Arranger,600 Angelos Field,2014-07-13,991-213-8778,ludicrous1957@gmail.com,,Australia,3652
130,Antonietta Mccall,Treasurer,1162 Nancy Pelosi Circle,2016-12-06,+1-(958)-071-2273,undersomething1852@gmail.com,,North America,3339
131,Laila Robles,Guest House Owner,625 La Grande Esplanade,2013-10-09,(189) 798-1841,sovite1978@live.com,,Europe,2671
132,Kattie Armstrong,Transport Officer,940 Southard Brae,2018-11-30,657.452.2592,zorse2048@yandex.com,2019-04-10,South America,2730
133,Quinn Yang,Breeder,1400 Black Glen,2018-03-22,465.470.1525,banya1996@yandex.com,,Africa,2904
134,Mckenzie Barnett,Product Manager,894 Cranleigh Concession road,2018-09-30,(553) 887-2494,craving1837@live.com,,North America,4228
135,Arnold Black,Gate Keeper,784 Emerald Boulevard,2019-06-23,642.448.6759,magirological1902@live.com,,Australia,2203
136,Luna Brock,Administration Staff,486 Huntington Esplanade,2019-10-27,(559) 393-5150,bossa1902@yahoo.com,2022-04-04,Asia,3891
137,Everett Delgado,Cameraman,822 Borica Heights,2019-08-30,265.295.9077,daceloninae1832@yahoo.com,,South America,3788
138,Noble Stephens,Refuse Collector,86 Nebraska Freeway,2015-06-03,+1-(256)-025-7360,blackman1956@live.com,,Africa,837
139,Freeda Brooks,Technical Assistant,338 Security Pacific Loop,2020-08-07,(906) 950-4937,undelusively2069@yahoo.com,,Australia,1954
140,Bruno Conrad,Plastics Engineer,1009 Polk Point,2014-05-25,(762) 368-2809,dorelia1896@live.com,2016-04-23,Africa,4407
141,Tatyana Forbes,Payroll Supervisor,539 Denslowe Trace,2020-12-10,(048) 083-5319,dotes2018@protonmail.com,,South America,2990
142,Jarod Whitney,Operations,934 Salinas Thruway,2020-09-12,1-205-988-9308,curley2066@live.com,,Africa,2256
143,Pierre Salinas,Builders Labourer,1161 United Nations Row,2015-03-01,(811) 003-4398,pleurotyphoid1956@yahoo.com,,Asia,4084
144,Jesse Larson,Cafe Owner,1328 Wyton Townline,2019-06-29,530.382.7047,apaches1982@outlook.com,2021-02-05,Africa,2468
145,Elwood Shannon,Line Worker,60 Fair Oaks Sideline,2018-03-04,1-038-690-2520,clowder1800@outlook.com,,Australia,2938
146,Ryan Whitaker,Sportsman,108 Ellington Townline,2017-03-31,535-499-1042,awoken1910@protonmail.com,,Antarctica,3626
147,Audria Knapp,Payroll Supervisor,900 Fargo Promenade,2013-07-27,1-795-193-1859,obduce2034@outlook.com,,Africa,3213
148,Kiersten Charles,Hostess,1298 Balance Parade,2021-01-19,1-802-683-7343,altitudes2066@yahoo.com,2022-01-14,Antarctica,4121
149,Ivey Aguilar,Masseuse,815 Laurel Mall,2018-06-13,1-965-175-5208,viceless2007@gmail.com,,South America,2652
150,Amiee Graham,Messenger,1215 Santa Paula Street,2016-11-27,(050) 280-6434,prawn2028@outlook.com,,North America,2020
151,Bernie Puckett,Weighbridge Clerk,56 Legion Of Honor Drung,2017-06-03,295.837.4612,aryballi1859@outlook.com,,South America,4124
152,Abram Benton,Steward,627 Mayflower Green,2020-03-17,(734) 548-9546,bevin1822@yahoo.com,2020-08-30,Antarctica,4172
153,Kandis Ramirez,Chandler,803 Walnut Townline,2012-01-27,684.097.0520,decreers1913@live.com,,Asia,2904
154,Adam Rowe,Cable Jointer,1179 Dorcas Close,2019-09-08,891-294-4614,devest1955@outlook.com,,Antarctica,1942
155,Omer Bradford,Machine Setter,376 Marlin Thruway,2017-11-14,1-485-151-6941,charlotte1928@live.com,,Australia,4027
156,Harrison Wolf,Seamstress,659 Old Decatur Field,2018-06-22,(706) 258-6112,sauerbraten2039@yandex.com,2020-11-16,Australia,1546
157,Darnell Sanders,Ticket Inspector,1087 Bucareli Place,2013-06-04,1-860-352-8865,oilfish1965@gmail.com,,North America,2858
158,Rheba Simpson,Partition Erector,610 Plymouth Drung,2021-11-14,017-107-9156,champing2014@protonmail.com,,Australia,3259
159,Charis Davis,Auto Electrician,822 Forest Side Drung,2021-02-15,1-034-878-4518,connelly1995@live.com,,Europe,3295
160,August Garza,Booking Agent,858 Dwight Parade,2019-10-25,520.582.1173,beccafico1967@yandex.com,2021-11-05,Asia,1138
161,Hugo Farmer,Professional Racing,1254 Forsyth Run,2018-05-31,1-855-008-0002,spermatogenesis1823@outlook.com,,South America,2492
162,Audrea Valenzuela,Lifeguard,1348 John Sideline,2014-10-02,825.435.2122,adcox1907@live.com,,South America,3138
163,Agustin Reid,Typewriter Engineer,1157 Selby Expressway,2014-07-24,1-295-324-8845,disorient1885@protonmail.com,,Europe,3414
164,Roosevelt Valencia,Shop Proprietor,1388 Helena Circle,2018-04-09,(859) 765-7382,mellic1951@gmail.com,2019-03-25,Africa,3194
165,Vern Whitehead,Patent Attorney,1283 Adele Turnpike,2018-06-05,(166) 779-1559,utilizer1945@live.com,,South America,4029
166,Alla Marquez,Research Scientist,77 Myrtle Expressway,2021-07-18,(307) 834-7956,mavie1858@gmail.com,,North America,2816
167,Ehtel Campbell,Dealer,533 Judson Close,2012-08-02,1-869-016-0674,newt1939@outlook.com,,South America,2431
168,Alan Maddox,Student Nurse,267 Gonzalez Spur,2021-07-09,1-115-180-5225,arias2017@yandex.com,2022-12-11,Asia,2751
169,Arnulfo House,Glass Worker,1082 Rawles Row,2017-07-10,+1-(120)-126-3354,blinkered2027@yandex.com,,South America,3985
170,Madison Vargas,Valve Technician,1173 Evergreen Mews,2018-09-15,(364) 403-4261,carpocarpal2067@live.com,,Europe,4565
171,Stacee Wade,Writer,668 Lurmont Park,2021-11-23,057.689.5894,cottonmouth1940@protonmail.com,,North America,2707
172,Kelley Gibson,Playgroup Leader,373 Juri Bypass,2021-07-03,950.314.1547,polyphone1946@protonmail.com,2023-11-11,Africa,2376
173,Valentine Mccoy,Stenographer,163 Langdon Close,2013-09-05,186-216-7047,emotionalist2020@yandex.com,,Antarctica,3836
174,Leeanne Fields,Machine Fitters,31 Fairbanks Hill,2020-03-02,1-013-991-0385,trs1924@yandex.com,,Antarctica,1953
175,Alfonzo Bullock,Sand Blaster,58 Troy Arcade,2019-03-02,(772) 081-0531,skinkers2056@outlook.com,,Antarctica,2641
176,Clifton Burks,Assessor,119 Greenough Bay,2020-12-23,157-149-0812,xylon1982@gmail.com,2021-07-21,Europe,4089
177,Tommie Battle,Motor Trader,386 Mangels Drung,2016-05-31,098.287.3112,sarcolytic1922@outlook.com,,Antarctica,3592
178,Sacha Brock,Handyman,15 George Row,2017-05-03,1-113-393-8418,nobelist2068@yahoo.com,,Antarctica,4188
179,Creola Green,Optical Assistant,1350 Northridge Lane,2019-05-03,(672) 810-0514,indetermined2040@yahoo.com,,North America,3808
180,Blake Mendez,Microbiologist,1337 Mullen Square,2021-10-26,(990) 812-5350,mediums1989@yahoo.com,2023-06-22,Australia,3604
181,Collene Buckley,Trade Union Official,652 Safira Pike,2015-06-27,877-744-0006,decaf1857@yandex.com,,Asia,1924
182,Doug Castro,Insurance Staff,1168 Lynch Freeway,2018-08-09,(517) 566-7338,vocalist1950@gmail.com,,Antarctica,4033
183,Lucius Brown,Pet Minder,896 Graham Bay,2012-01-24,650.532.1151,mindsets1930@live.com,,South America,3964
184,Mallie Lopez,Clerk,865 Dr Carlton B Goodlett Heights,2012-06-12,972.690.3442,dziemian2060@yahoo.com,2014-05-26,North America,4358
185,Olen Acevedo,Sand Blaster,20 El Verano Wynd,2018-11-26,309-142-5466,chylification1877@gmail.com,,Europe,1608
186,Hilma Tran,Aircraft Maintenance Engineer,371 Saint Elmo Arcade,2019-05-25,799-373-1433,ballots1954@protonmail.com,,Asia,3984
187,Christian Rowland,Golf Caddy,1317 Falmouth Viaduct,2015-04-02,153.890.9253,adventurous1876@yandex.com,,Europe,3600
188,Casie Mcconnell,Resin Caster,377 Brooks Esplanade,2019-05-30,047-557-5133,silentest1806@live.com,2019-11-01,Asia,3068
189,Bryan Holden,Researcher,246 Santa Ynez Private,2012-08-27,(742) 805-8088,undialled1846@outlook.com,,Africa,3862
190,Bok Shepard,Pipe Insulator,1349 Otsego Plaza,2019-09-30,1-477-524-0353,enterocoele2037@yandex.com,,Antarctica,2468
191,Naida York,Ambulance Crew,320 Clay Parade,2015-10-17,(457) 029-9571,harrier1976@outlook.com,,Africa,3005
192,Teddy Peterson,Mathematician,697 Crescio Parkway,2016-08-06,791.108.5359,billows1994@live.com,2018-06-19,Antarctica,2967
193,Clarence Greene,Supply Teacher,1215 France Grove,2014-08-17,180.097.1354,decertation1905@outlook.com,,Asia,4304
194,Pamelia Olsen,Judge,778 Richland Crescent,2017-12-28,085-659-0954,prunitrin1869@yandex.com,,Australia,2253
195,Dorathy Kirk,Tobacconist,828 Denslowe Green,2018-10-18,656.816.9314,adorable2056@protonmail.com,,Africa,2870
196,Annabell Tyson,Hop Merchant,286 Rutledge Boulevard,2014-05-13,1-264-595-0295,leucoryx1959@protonmail.com,2016-06-14,Africa,4537
197,Shenita Cummings,Rose Grower,548 Ashton Ferry,2017-11-08,066-969-7329,dosser2017@outlook.com,,Europe,1827
198,Fleta Noble,Furniture Remover,544 Peter Yorke Highway,2017-03-11,935-356-6907,manche2055@yandex.com,,Australia,2891
199,Maryrose Fleming,Playgroup Assistant,460 Aerial Circle,2019-06-20,473.486.8121,dustman1840@live.com,,Europe,3047
200,Gil Pierce,Promoter,1320 Bernal Heights Street,2019-06-08,+1-(227)-304-4929,accessible1963@yandex.com,2019-11-02,North America,4438
201,Chieko Pate,Show Jumper,1392 Santa Clara Plaza,2016-03-23,(587) 029-1041,moth1820@gmail.com,,South America,3229
202,Jarod Mcconnell,Milkman,403 Burritt Place,2021-02-05,(973) 741-5291,salaried1908@outlook.com,,Australia,3677
203,Pamila Garrett,Hotel Consultant,327 Laidley Run,2014-05-19,528-823-7675,camused1981@gmail.com,,Africa,3318
204,Benito Watts,Quantity Surveyor,1197 Justin Highway,2015-01-17,283.638.3836,thousand1941@yahoo.com,2016-03-18,South America,4578
205,Scottie Mccormick,Motor Dealer,528 San Marcos Trace,2013-05-04,1-522-791-9335,seaweeds1823@outlook.com,,Asia,2014
206,Max Lowery,Independent Means,187 Castle Manor Terrace,2015-01-16,1-172-569-9356,uttermost2012@gmail.com,,Australia,2237
207,Loni Middleton,Research Consultant,562 Marshall Brae,2021-03-01,206-215-1704,jurisdictional1887@outlook.com,,Africa,3265
208,Alden O'neill,Hospital Consultant,434 Fresno Trail,2018-04-21,1-628-905-0234,ennead1928@protonmail.com,2018-09-05,Africa,2177
209,Lynna Franks,Sculptor,1276 Gateview 3 Row,2021-01-07,296-495-1932,moped1940@outlook.com,,Asia,1184
210,Florentino Garcia,Landworker,266 Gardenside Hill,2020-01-23,(647) 234-1799,biplab1826@yahoo.com,,Europe,2055
211,Shaun Glover,Technical Clerk,225 Hiliritas Pike,2017-10-11,+1-(397)-536-7489,flowerer1963@outlook.com,,South America,2157
212,Chase Berry,Product Installer,542 Santa Rita Private,2017-11-11,652.031.9653,seemly1853@yahoo.com,2019-03-16,Africa,4948
213,Sachiko Best,Meat Inspector,551 Myra Viaduct,2014-09-24,(786) 906-6776,another1940@yandex.com,,Asia,2904
214,Arron Berger,Classroom Aide,758 Oxford Walk,2017-07-28,(644) 234-2412,pyruloid1826@gmail.com,,Antarctica,3414
215,Emile Bernard,Psychotherapist,935 Reposa Green,2013-10-17,328-212-9684,inducing1991@yahoo.com,,Antarctica,2834
216,Jordon Wilcox,Land Surveyor,506 Wedemeyer Close,2015-03-03,(649) 957-5269,dingar1917@live.com,2016-01-10,North America,3795
217,Michal Thornton,Archivist,80 Perasto Expressway,2020-09-18,903-404-6253,apama1833@yahoo.com,,Africa,4034
218,Letty Sandoval,Radio Presenter,740 Filbert Freeway,2016-04-30,187-650-6796,endoperidial2068@yahoo.com,,Australia,5786
219,Margert Rowe,HGV Mechanic,1179 Everson Run,2012-02-15,1-833-041-6537,birthmark2014@protonmail.com,,South America,2552
220,Lorita Mckee,Entertainer,51 Justin Brae,2018-07-17,505-077-1959,alcoholic1883@yandex.com,2020-03-27,Antarctica,2921
221,Veta Harrison,Hearing Therapist,12 Polaris Alley,2013-08-29,(143) 985-1269,cooling1925@yandex.com,,Europe,3392
222,Epifania Sweeney,Airport Manager,64 Bayview Glen,2017-03-26,981-672-1165,scraps2044@protonmail.com,,Asia,1764
223,Chris Franklin,Shoe Maker,507 Lupine Mall,2012-12-13,1-236-510-3390,scabs2063@yahoo.com,,Africa,2427
224,Dahlia Mason,Haulage Contractor,488 Spreckels Lake Parade,2019-12-31,(212) 009-7569,wangler1907@outlook.com,2020-05-09,North America,3513
225,Caroll Horn,Museum Attendant,414 Attridge Arcade,2019-10-10,(996) 215-3248,mustered1918@live.com,,North America,2170
226,Valentin Burch,Post Sorter,172 Ver Mehr Expressway,2020-02-09,+1-(617)-040-4702,protegulum1852@yahoo.com,,Europe,5827
227,Dorie Hale,Anthropologist,670 Tubbs Alley,2017-02-09,146-911-9911,admonisher2013@protonmail.com,,North America,3139
228,Randy Miller,Midwife,895 Augusta Side road,2021-04-11,962.005.2210,lionfish1822@outlook.com,2021-12-21,Asia,2931
229,Wiley Roy,Merchandiser,11 Avenue I Brae,2021-08-22,(887) 999-0188,crinoline2049@yandex.com,,North America,2519
230,Man Guthrie,Breeder,635 California Line,2018-09-02,1-996-263-7326,nonmanila1864@yandex.com,,North America,3008
231,Woodrow Peck,Landowner,99 Sherman Terrace,2013-07-05,+1-(645)-224-6817,jotisi1918@yandex.com,,Asia,1796
232,Jesus Travis,Archaeologist,220 Wagner Expressway,2016-04-22,(065) 712-0403,bilayer1983@yahoo.com,2018-10-03,Australia,5400
233,Stefania Saunders,Podiatrist,173 Amatista Boulevard,2012-07-23,(723) 430-2524,granulator1815@yandex.com,,Europe,4191
234,Larisa Bolton,Navigator,172 Sunnydale Point,2014-06-22,+1-(369)-662-7127,aymara1990@yahoo.com,,Antarctica,2874
235,Jama Marsh,Assistant Nurse,1118 Lake Forest Stravenue,2019-12-14,1-061-190-8243,courante1975@yahoo.com,,North America,2201
236,Felicidad Delgado,Building Estimator,536 Mammon Turnpike,2017-07-01,(629) 873-9011,coffin1853@yandex.com,2018-12-10,Australia,1725
237,Odell Reed,Park Ranger,752 New Montgomery Row,2021-08-08,876.376.8775,stacker1941@gmail.com,,Africa,3619
238,Hilario Hicks,Millwright,508 Sparta Plaza,2016-04-22,(776) 488-3170,hoising1979@yahoo.com,,Africa,4979
239,Camelia Turner,Executive,405 Dorcas Street,2021-08-07,831-684-6503,vermillions1892@gmail.com,,South America,4631
240,Arica Hodge,Hop Merchant,898 Joy Court,2012-03-28,084-801-5153,chigger1839@yahoo.com,2013-01-26,Asia,3807
241,Humberto Puckett,Tea Taster,879 Ruger Nene,2015-09-12,541-814-0649,armenoid2032@yandex.com,,Antarctica,3415
242,Sharda Delgado,Street Trader,647 Glenhaven Point,2019-10-15,(962) 072-9230,assorted1824@yahoo.com,,Australia,4248
243,Kraig Stanton,Gardener,1079 Laurel Highway,2017-12-10,1-132-047-2804,brigandine1920@live.com,,Antarctica,2178
244,Russ Bean,Payroll Clerk,302 Congo Concession road,2013-02-07,668.638.0996,awesome1976@yahoo.com,2015-02-03,North America,3776
245,Dane Goff,Bus Driver,813 Troy Line,2019-10-17,731.307.1792,carotid1908@outlook.com,,Antarctica,3237
246,Steven Wong,Shelf Filler,806 Ludlow Road,2018-11-10,1-924-851-1015,aback1960@live.com,,Australia,5551
247,Shenika Leblanc,Shooting Instructor,811 Cayuga Cove,2020-10-09,(802) 261-6095,sided1967@yahoo.com,,South America,2811
248,Coretta Hanson,Foam Convertor,959 Leo Plantation,2016-04-18,(513) 694-5176,aftercourse1834@gmail.com,2018-04-11,South America,3904
249,Harry Gay,Planning Officer,1034 Doric Pike,2012-11-15,508.571.3324,plectridium1941@yahoo.com,,Africa,2448
250,Arlyne Flowers,Midwife,933 Pearl Annex,2016-12-28,(246) 973-4496,canadian1850@yandex.com,,South America,3607
251,Robbie Stokes,Skipper,1167 Sterling Pike,2019-07-27,437-693-1387,tobacconist1985@yahoo.com,,Asia,3656
252,Kaci Ayala,Shunter,607 Himmelmann Extension,2016-11-02,+1-(630)-422-6877,pastis1995@protonmail.com,2018-05-04,Asia,2486
253,Calista Wagner,Machine Fitters,455 Verna Drive,2021-09-14,1-060-655-7496,ozonic1840@live.com,,South America,5009
254,Russel Watts,Hygienist,443 Jackson Street,2014-11-14,325-476-8025,dhoul2067@yandex.com,,Australia,2381
255,Jamison Simmons,Transport Officer,736 La Salle Alley,2021-01-09,1-120-420-3590,chromomere1959@yahoo.com,,Europe,2105
256,Sandie Brown,Quality Inspector,1007 Athens Row,2018-06-15,1-369-641-7159,trucker1977@live.com,2020-04-23,Australia,4322
257,Terry Norris,Plant Driver,1284 Baltimore Row,2021-11-12,057-678-1473,iatraliptics1805@yahoo.com,,Africa,3204
258,Roland Carlson,Shelf Filler,1354 Tulane Bend,2017-08-25,+1-(408)-981-1726,noncorrelating1857@yahoo.com,,Australia,4434
259,Mathilda Chan,Floor Manager,403 West Clay Heights,2018-02-04,+1-(030)-881-3057,botanical1912@outlook.com,,North America,3937
260,Ted Dillon,Catering Staff,207 Brazil Boulevard,2012-11-09,1-110-871-6105,cannibals1931@yandex.com,2014-12-03,North America,2106
261,Kurtis Evans,Induction Moulder,1242 Shields Close,2017-07-26,1-384-166-7826,eland2033@yandex.com,,Europe,3945
262,Kazuko Combs,Analytical Chemist,614 Fitch Crescent,2021-01-02,973.788.5006,ventages2041@live.com,,North America,5989
263,Samira Horne,Tiler,1096 Cambridge High Street,2012-10-08,709-565-7968,surcease2051@protonmail.com,,Australia,3919
264,Jack Warner,Plant Engineer,780 Greenwich Bay,2015-08-24,1-166-276-3620,aborter1974@live.com,2017-12-17,Africa,6827
265,Lionel Cline,Riding Instructor,558 Vine Walk,2015-10-25,+1-(759)-788-2229,bufonidae1829@outlook.com,,South America,3446
266,Ellis Goodwin,Transcriber,431 Anza Gardens,2017-07-27,(523) 792-7633,revolutionariness1938@outlook.com,,South America,4190
267,Florrie Underwood,Gilder,13 Chinook Trace,2017-11-13,780.501.1037,subalgebraical1977@live.com,,South America,5073
268,Emory Nicholson,Repair Man,422 Milton Freeway,2013-07-19,1-655-843-0597,rondawel1967@gmail.com,2015-03-02,South America,4480
269,Karly Walls,Marble Finisher,274 Arago Expressway,2020-08-20,(102) 213-3545,vulgarian2049@protonmail.com,,Asia,2735
270,Mickie Chandler,Assessor,493 Montezuma Spur,2021-11-19,1-826-781-3883,emblem1989@gmail.com,,South America,2412
271,Dino Salinas,Auditor,956 Henry Adams Green,2020-09-26,1-185-860-8256,pensione1999@outlook.com,,Europe,2333
272,Daren Hubbard,Joinery Consultant,487 San Rafael Esplanade,2018-07-30,1-031-388-9545,tootle1952@yahoo.com,2019-05-17,Asia,2023
273,Devon Cunningham,Temperature Time,1188 Fresno Bend,2019-09-09,876-612-5249,obvention1966@yandex.com,,Antarctica,3855
274,Maile Schroeder,Inspector,103 Allston Grove,2018-01-22,993-070-9659,llama1804@gmail.com,,Africa,2909
275,Shandra Gilbert,Market Gardener,216 Manor Trail,2019-05-30,1-174-173-0428,caatinga1911@live.com,,Australia,3969
276,Dalila Montoya,Nurse,519 Service Gate,2016-01-03,(834) 884-4966,cauchy1871@outlook.com,2017-11-01,Asia,2663
277,Ceola Lindsey,Administration Assistant,232 Isis Square,2015-05-23,1-176-926-9981,scallywags1992@protonmail.com,,South America,3761
278,Steven Bonner,Landlord,337 Dorchester Thruway,2013-10-05,838-391-0003,uvulectomy1842@live.com,,Europe,4136
279,Norbert Kemp,Masseuse,111 Fenton Crescent,2015-07-27,030.869.8932,pensionership1943@protonmail.com,,North America,2785
280,Otelia Benton,IT Manager,565 Morris Street,2021-08-28,898-070-9827,mischieve2066@yahoo.com,2023-11-03,Australia,3194
281,Leontine Petersen,Jazz Composer,1202 Vernon Heights,2014-07-08,1-269-918-5150,bidens2061@live.com,,Africa,3202
282,Classie Butler,Housewife,1346 Warner Walk,2017-07-18,(027) 773-4297,egipto1883@outlook.com,,Europe,901
283,Nickolas Osborne,Packaging,762 Oxford Plantation,2012-07-24,(554) 718-3355,pyruloid1856@yahoo.com,,Asia,3001
284,Luana Booth,Property Developer,5 Rhine Street,2015-09-24,(868) 777-2606,anvil2065@protonmail.com,2016-03-03,Australia,3255
285,Ronni Fletcher,Funeral Director,1339 Rivera High Street,2021-12-12,698-147-2951,sidetracked1933@protonmail.com,,Australia,1711
286,Randa Peck,Rent Collector,1392 Conkling Freeway,2019-11-30,(994) 015-6101,unprecipitantly1989@outlook.com,,Africa,822
287,Abe Kinney,Advertising Assistant,820 Frederick Cove,2018-05-29,595-884-1790,banshie1841@protonmail.com,,North America,1188
288,Raylene Hines,Log Merchant,301 Lily Point,2014-01-20,877.981.3201,admedial1947@live.com,2015-11-05,Africa,632
289,Chae Ewing,Accountant,959 Leavenworth Parade,2017-06-30,141-318-4916,fabulously1843@yandex.com,,North America,3286
290,Jefferey Bean,Medical Physicist,297 Case Alley,2016-12-03,763.335.6736,bambie2046@live.com,,Australia,3914
291,Jackelyn Preston,Travel Guide,974 Commonwealth Avenue,2021-02-16,+1-(590)-246-9667,nuanced1920@gmail.com,,Asia,2633
292,Nelida Mosley,Magistrates Clerk,1340 Eldridge Private,2013-12-27,(960) 005-6970,gallican1922@outlook.com,2014-04-29,North America,3910
293,Viki Townsend,Decorator,758 Lexington Ferry,2018-04-16,017-512-7698,agaty2037@live.com,,Australia,1272
294,Harold Mccormick,Motor Mechanic,298 Franconia Side road,2012-08-14,1-664-523-9251,pointer1865@gmail.com,,Asia,1777
295,Tanner Weeks,Neurologist,444 San Felipe Townline,2015-12-01,1-090-351-8904,perivenous1858@protonmail.com,,Antarctica,2073
296,Bobbie Mccarty,Hotel Worker,408 Caselli Annex,2015-09-23,1-860-766-2654,rotted1955@yahoo.com,2017-11-16,Antarctica,2968
297,Ruthanne Neal,Cable TV Installer,787 Midcrest Glen,2019-02-20,702-972-2248,larruped1884@live.com,,Australia,3873
298,Garry Fulton,Care Assistant,756 Manor Place,2017-03-20,+1-(012)-002-8272,arbacia2023@live.com,,Africa,2312
299,Kayleen Levine,Market Trader,1234 Capitol Wynd,2020-02-18,363-921-9630,cheetah2007@protonmail.com,,Antarctica,4197
300,Maryetta Morris,Travel Consultant,62 Rotteck Boulevard,2012-12-28,(217) 111-9573,clamorous2034@outlook.com,2013-12-14,Africa,1384
301,Arla Reed,Fraud Investigator,696 Oakwood Parade,2017-06-16,683.339.0366,pretranscription2017@outlook.com,,North America,2968
302,Seymour Alvarez,Leather Worker,857 Dodge Row,2012-11-09,(757) 013-1738,horsiest2035@live.com,,Africa,3087
303,Hyman Payne,Optical Assistant,1265 Jack Micheline Street,2016-09-14,(406) 042-6251,desires1895@gmail.com,,Antarctica,3323
304,Letisha Benson,Restaurateur,408 Saul Plaza,2012-11-03,1-734-017-5761,enriquet2026@live.com,2015-03-16,North America,2459
305,Nana Henry,Sales Support,1377 Laskie Street,2020-06-18,1-353-556-7323,cornual1984@yahoo.com,,Africa,3974
306,Gerard Tyson,Student,150 Charlton Thruway,2021-01-15,624-155-7303,dipak2031@yahoo.com,,South America,4699
307,Eloy Mcguire,Weighbridge Clerk,1009 Westbrook Grove,2013-04-04,1-038-255-5601,bolometric1925@live.com,,North America,3675
308,Lavelle Goff,Bank Clerk,66 Bertha Stravenue,2020-08-18,(646) 826-5193,dominate2057@protonmail.com,2022-11-02,South America,3949
309,Serina Cleveland,Podiatrist,1061 Arellano Walk,2012-07-09,(840) 819-3208,planarian1994@protonmail.com,,South America,3484
310,Ramonita Dodson,Area Manager,1214 Bannock Cove,2019-04-23,1-874-994-4554,granulator1882@gmail.com,,Australia,2653
311,Aaron Irwin,Floor Manager,62 Lyell Heights,2017-01-29,(237) 955-5378,denominate1965@protonmail.com,,Antarctica,2947
312,Rutha Juarez,Pig Manager,704 North Gate Manor,2015-09-16,(966) 141-4712,cornual1916@gmail.com,2016-07-16,South America,3106
313,Victor Boone,Rent Collector,934 Dehon Mall,2015-09-05,1-817-604-5205,scarabs1837@outlook.com,,Europe,2703
314,Neely Tran,Messenger,213 Selma Thruway,2014-03-19,881-244-0484,colleague1835@live.com,,Europe,4404
315,Emiko Cash,Nursing Manager,508 Isis Field,2020-04-14,1-231-381-4308,bonanzas2022@yandex.com,,North America,3580
316,Maxima Christensen,Parts Man,195 Lockwood Mall,2013-01-02,+1-(762)-929-6452,celebrations1938@outlook.com,2013-06-12,Antarctica,4111
317,Hans Rice,Geophysicist,194 Addison Point,2014-01-22,212.753.1697,sundering1950@gmail.com,,Africa,1050
318,Arla Leonard,Shelter Warden,517 Jules Nene,2019-05-23,1-782-768-1851,dynatrons1902@live.com,,Africa,2238
319,Barton Burton,Motor Fitter,945 Jose Sarria Gardens,2020-01-26,1-706-089-2885,cleancut1907@protonmail.com,,North America,4580
320,Hilaria Greene,Mill Worker,647 Mint Close,2014-01-21,1-165-262-7478,multibreak2055@live.com,2016-01-23,Australia,1497
321,Alvera Carlson,Showman,1123 Golding Nene,2015-05-04,263-582-9591,donned1997@live.com,,Australia,1617
322,Everett Joyner,Horticulturalist,672 Galilee Sideline,2014-07-08,269-257-7165,hepatotoxic2004@outlook.com,,Australia,2940
323,Myrle Ewing,Seamstress,95 Bowling Green Court,2016-06-07,1-940-442-6385,gript1973@yahoo.com,,North America,2751
324,Elene Benson,Transport Consultant,1156 Laurel Glen,2014-11-04,(043) 967-7177,paperweight1864@outlook.com,2016-09-20,South America,2964
325,Esteban Gibson,Furniture Remover,1281 Montclair Cove,2015-07-09,791-635-5152,dependent1854@live.com,,Europe,3917
326,Freddie Blankenship,Recovery Vehicle Coordinator,82 Lexington Trace,2020-08-07,1-645-602-6683,pulsific1820@live.com,,Asia,1135
327,Chase Glass,Works Manager,418 Brooks Expressway,2017-07-12,574-795-2291,batteries1836@protonmail.com,,Africa,4618
328,Thomasena Erickson,Post Sorter,628 Garces Arcade,2016-08-11,+1-(058)-520-8496,bourlet1811@protonmail.com,2017-02-13,South America,3938
329,Lauralee Cote,Technical Assistant,164 D Spur,2019-05-10,790-556-5813,drseuss1883@gmail.com,,North America,3128
330,Jules Orr,Mineralologist,1060 Healy Square,2016-11-07,303.227.6632,murras1801@yandex.com,,North America,4234
331,Travis Maxwell,Anthropologist,1398 Nob Hill Expressway,2017-07-03,279-289-3410,hypotrophy1805@yandex.com,,Australia,3024
332,Emerald Gutierrez,Gallery Owner,858 Shawnee Side road,2014-11-01,1-333-369-1641,cineraria1947@outlook.com,2016-06-25,Africa,2807
333,Jacob Moran,Training Manager,688 Ross Townline,2015-12-15,724.599.4059,suprastandard1965@gmail.com,,Antarctica,4804
334,Roscoe Hale,Patent Attorney,1138 Brooklyn Expressway,2016-12-30,(780) 131-7284,denice1893@live.com,,North America,2863
335,Palmer Kennedy,Cab Driver,1298 Mclaren Lodge Access Field,2017-03-25,857.174.3737,aptness2007@yahoo.com,,Antarctica,2707
336,Rob Pugh,Area Manager,256 Clarkson Trace,2013-09-14,209.322.7881,hieracosphinxes1881@yandex.com,2015-08-06,North America,4110
337,Maryalice Wolf,Gaming Board Inspector,662 Otis Townline,2015-06-14,1-086-658-3151,electrostatic1921@protonmail.com,,North America,1837
338,Euna Everett,Brewery Worker,1232 Harrison Nene,2020-08-05,(811) 609-4977,oxides1910@yandex.com,,Asia,2646
339,Marcos Meyer,Guest House Owner,9 Oakwood Viaduct,2013-05-11,+1-(917)-330-6090,mismeasurement1942@yahoo.com,,Asia,3688
340,Jennine Keller,Postmaster,832 Wagner Path,2016-03-28,1-546-394-9929,developed1983@protonmail.com,2016-12-24,North America,2258
341,Delmer Mosley,Brewery Worker,277 Garfield Green,2017-01-17,+1-(335)-794-9370,andirin1863@protonmail.com,,Antarctica,4086
342,Rolf Buckley,Reporter,1098 Saint Louis Close,2015-01-03,647-281-4390,crusty2004@protonmail.com,,North America,3453
343,Dorian Winters,Choreographer,178 Sixth Drive,2017-05-26,449-233-4452,agnosia1932@live.com,,Antarctica,2632
344,Delaine Peck,Health Advisor,1385 South Thruway,2020-04-14,602.839.0037,ape1897@live.com,2020-11-03,South America,3680
345,My Erickson,Marketing Director,209 Riverton Square,2019-10-06,657.950.0935,overshorten2049@yahoo.com,,South America,3674
346,Danny Schultz,Quality Engineer,1080 Heron Heights,2020-03-03,040.470.0335,palmar1940@yahoo.com,,Asia,4061
347,Nobuko Guthrie,Market Researcher,707 Clarendon Wynd,2013-12-09,(585) 255-0405,trabecularism2008@live.com,,South America,4996
348,Stevie Beasley,Payroll Supervisor,1220 Crane Boulevard,2014-08-21,185.426.7219,dreamworld1909@gmail.com,2015-06-08,Antarctica,2223
349,Argentina Griffin,Rent Collector,908 Augusta Street,2013-11-12,(059) 836-8427,caelus1885@live.com,,Europe,3377
350,Aliza Lowe,Employment,149 Baker Drive,2016-01-29,(325) 731-3003,eightsman1915@gmail.com,,Europe,2820
351,Laree Davis,Inventor,1117 Gorgas Boulevard,2013-05-13,030-652-8047,ascanius1993@gmail.com,,South America,3104
352,Marylynn Dorsey,HGV Mechanic,412 Cabrillo Lane,2020-10-27,(985) 764-7409,polioencephalomyelitis1961@yahoo.com,2021-05-29,Africa,3412
353,Duane Knowles,Printer,828 Wanda Terrace,2017-12-06,1-549-149-3137,antienvironmentalists2018@yandex.com,,Asia,3579
354,Jaye Caldwell,Hypnotist,797 El Polin Crescent,2016-07-03,013-990-3682,centipede1813@outlook.com,,North America,5104
355,Robin Morales,Assistant Teacher,731 Meacham Highway,2021-02-02,068.276.2736,unmolified2064@gmail.com,,Asia,4004
356,Glynda Gomez,Tax Assistant,1011 West Freeway,2015-03-04,(832) 907-1822,ailuropus1814@live.com,2016-05-30,Antarctica,2381
357,Audria Velazquez,Make Up Artist,426 Ozbourn Promenade,2015-01-04,661.621.9565,nonradiable1986@gmail.com,,Asia,3369
358,Garrett Tucker,Materials Controller,917 Melrose Place,2015-12-23,(964) 026-9636,gouger2026@live.com,,Antarctica,3900
359,Sherwood Owens,Script Writer,1104 Moraga Plaza,2014-05-31,1-283-969-6882,trunks1807@yahoo.com,,Europe,3525
360,Johnnie Santos,Land Surveyor,1374 Caledonia High Street,2012-07-26,1-924-734-7457,holocryptic1843@protonmail.com,2014-08-14,Australia,2168
361,Joey Riggs,Furrier,419 Cresta Vista Circle,2020-08-14,1-487-949-7432,unvulgarized1853@yandex.com,,South America,4069
362,Nery Cotton,Party Planner,78 Mauldin Drung,2017-08-27,1-870-592-8276,sonorosity1982@yahoo.com,,Asia,4641
363,Horacio Mcclain,Circus Worker,164 Brumiss Route,2019-04-06,754.839.2005,concrete2011@outlook.com,,South America,4013
364,Ethyl Ashley,Tyre Inspector,1017 Edith Lane,2013-08-22,076.755.9917,poverty1976@protonmail.com,2015-12-14,Africa,4072
365,Candyce Mccormick,Weaver,1195 Heyman Brae,2021-11-13,1-537-998-7540,dartboard1886@yahoo.com,,Australia,2323
366,Wilhemina Vaughn,Wood Worker,488 Columbia Square Avenue,2017-08-18,554.163.8562,bleach1926@yahoo.com,,Asia,1909
367,Randa Baxter,Night Watchman,577 Anza Boulevard,2021-11-23,394-251-0601,tableau1894@protonmail.com,,Asia,3527
368,Crystle Gamble,Grocer,423 Auburn Lane,2018-05-03,+1-(578)-342-4404,snowdrops1840@gmail.com,2020-06-07,South America,3873
369,Joaquin Hooper,Shipping Officer,320 Apollo Road,2012-07-08,(794) 405-3735,arctalian1964@protonmail.com,,Europe,3662
370,Kristian Harrington,Granite Technician,1185 Birmingham Highway,2016-02-19,542.795.5870,ineye1847@live.com,,Australia,3193
371,Chi Vinson,Tyre Inspector,324 Winding Parkway,2013-06-15,(861) 687-1256,celtish1952@gmail.com,,Europe,3680
372,Edwardo Barber,Blind Assembler,783 Melba Terrace,2013-11-14,1-736-541-4486,chien2059@gmail.com,2016-04-19,Asia,2657
373,Antoine Duffy,Sales Director,74 Bennington Place,2017-03-24,(350) 321-3640,arisen1805@gmail.com,,Africa,3499
374,Clayton Parks,Seamstress,130 Fort Funston Run,2019-07-11,937.272.1619,opossum1982@gmail.com,,North America,3269
375,Arnetta Barber,Audit Clerk,901 Lloyd Circle,2013-09-21,134-180-5219,flowable1896@gmail.com,,Europe,4438
376,Connie Castro,Land Agent,1064 Grace Private,2020-11-03,1-264-579-8366,tarantas1856@live.com,2022-01-09,Asia,3176
377,Yulanda Flores,Off Shore,314 Mirando Parkway,2017-05-02,431.479.1346,polioencephalomyelitis2002@live.com,,Australia,2423
378,Jan Noel,Land Surveyor,992 Ventura Pike,2013-12-28,178-138-8442,quelea1839@yandex.com,,Australia,3176
379,Coreen Gilbert,Paediatrician,773 Ellington High Street,2013-08-24,+1-(435)-059-5740,secret1982@yandex.com,,Asia,4484
380,Clement Davis,Mechanic,254 Owens Line,2019-11-10,947-267-8831,harrier1888@gmail.com,2021-09-18,Asia,3442
381,Hermina Baldwin,Tax Inspector,62 Sloat Annex,2020-04-07,(020) 564-3861,zippier1989@live.com,,Africa,2545
382,Yi Pugh,Chambermaid,1320 Dunnes Drung,2014-11-20,113.083.4996,concentric1907@yahoo.com,,Asia,2992
383,Winter Lott,Health Visitor,875 Scenic Trace,2016-10-17,835-753-3747,crataegus1874@yandex.com,,Africa,4023
384,Erich Pittman,Pilot,121 Lurline Hill,2019-11-12,+1-(861)-041-5740,centrist1986@live.com,2020-07-15,North America,860
385,Monroe Patel,Stage Director,416 Naylor Row,2012-05-26,+1-(266)-379-6095,esposito2015@live.com,,Europe,1563
386,Jamey Ewing,Merchandiser,664 Ardenwood Bypass,2019-07-23,746.847.3471,quartern2011@protonmail.com,,Antarctica,4048
387,Jordon Rich,Horse Riding Instructor,856 Francisco Garden,2016-07-07,060-872-8641,foeship1879@gmail.com,,North America,3329
388,Orval Kelley,Pig Manager,754 Greenwood Highway,2016-03-30,(847) 687-2827,protomartyr1932@outlook.com,2016-11-02,Antarctica,1866
389,Malik Dudley,Train Driver,1386 Galindo Plantation,2019-10-24,(412) 221-9216,sensationistic1867@outlook.com,,Europe,3997
390,Cuc Whitfield,Balloonist,461 Dorantes Bay,2013-12-12,367.960.7274,mariachi1926@gmail.com,,North America,4279
391,Odis Langley,Soldier,61 Ohlone Alley,2013-09-16,056-478-3917,utriculariaceae1857@outlook.com,,Antarctica,2228
392,Cornell Lowery,Special Needs,1319 San Leandro Townline,2014-08-26,1-966-020-5388,pyrrhic1810@yahoo.com,2015-07-17,Europe,2439
393,Willette Benson,Property Developer,37 Rockwood Lane,2017-07-24,880-394-9679,elephas2022@outlook.com,,South America,3394
394,Isiah Myers,Plate Layer,87 Ellington Line,2012-01-18,504-807-7583,dentin1984@yahoo.com,,Australia,2951
395,Wallace Miranda,Technical Analyst,270 Carrie Cove,2012-09-20,1-150-156-1759,efficacies1840@protonmail.com,,Antarctica,3152
396,Vanita Benjamin,Roofer,219 Auto Arcade,2017-06-15,394-901-7334,benzole1937@protonmail.com,2018-12-23,Antarctica,2300
397,Harley Leon,Picture Reseacher,505 Marne Row,2015-05-16,292-986-1173,falcon2007@live.com,,Europe,3791
398,Crista Figueroa,Television Presenter,280 Hillview Ferry,2021-04-17,1-315-288-6227,desiderative1850@yahoo.com,,Asia,3642
399,Merlin Lott,Rally Driver,1057 Polaris Esplanade,2017-07-13,131-507-6505,balcony1884@live.com,,Africa,2033
